Unnamed: 0,tweet_id,favorite_count,retweet_count
0,892420643555336193,36240,7714
1,892177421306343426,31250,5700
2,891815181378084864,23530,3779
3,891689557279858688,39523,7869
4,891327558926688256,37734,8485
5,891087950875897856,19006,2841
6,890971913173991426,11069,1851
7,890729181411237888,61048,17211
8,890609185150312448,26172,3917
9,890240255349198849,29887,6702
10,890006608113172480,28783,6684
11,889880896479866881,26193,4554
12,889665388333682689,45090,9133
13,889638837579907072,25367,4096
14,889531135344209921,14198,2059
15,889278841981685760,23630,4863
16,888917238123831296,27328,4108
17,888804989199671297,23998,3875
18,888554962724278272,18545,3180
19,888078434458587136,20434,3162
20,887705289381826560,28382,4914
21,887517139158093824,43528,10747
22,887473957103951883,64506,16431
23,887343217045368832,31595,9557
24,887101392804085760,28739,5444
25,886983233522544640,32790,7004
26,886736880519319552,11249,2933
27,886680336477933568,21085,4082
28,886366144734445568,19849,2892
29,886267009285017600,111,4
30,886258384151887873,26265,5767
31,886054160059072513,0,100
32,885984800019947520,30571,6130
33,885528943205470208,33745,5833
34,885518971528720385,19238,3406
35,885311592912609280,0,16909
36,885167619883638784,20552,3993
37,884925521741709313,72323,16520
38,884876753390489601,26129,5099
39,884562892145688576,22804,4294
40,884441805382717440,25425,5200
41,884247878851493888,68112,18547
42,884162670584377345,19149,2735
43,883838122936631299,20517,3139
44,883482846933004288,43018,9021
45,883360690899218434,21284,3379
46,883117836046086144,34822,6062
47,882992080364220416,22417,3557
48,882762694511734784,26545,4470
49,882627270321602560,26278,5552
50,882268110199369728,42082,10569
51,882045870035918850,27515,4466
52,881906580714921986,22837,3105
53,881666595344535552,47544,9752
54,881633300179243008,118,7
55,881536004380872706,46431,14586
56,881268444196462592,21816,4816
57,880935762899988482,16035,2549
58,880872448815771648,19981,3499
59,880465832366813184,26754,5684
60,880221127280381952,25318,3806
61,880095782870896641,25939,3969
62,879862464715927552,21012,3202
63,879674319642796034,297,10
64,879492040517615616,22054,2912
65,879415818425184262,99348,40598
66,879376492567855104,15781,2861
67,879130579576475649,0,6227
68,879050749262655488,21164,4295
69,879008229531029506,17848,2457
70,878776093423087618,18190,3742
71,878604707211726852,28324,6504
72,878404777348136964,0,1177
73,878316110768087041,0,6100
74,878281511006478336,7273,1177
75,878057613040115712,39579,6227
76,877736472329191424,74509,17354
77,877611172832227328,0,73
78,877556246731214848,21346,3493
79,877316821321428993,25752,4770
80,877201837425926144,25480,5120
81,876838120628539392,19470,3056
82,876537666061221889,22230,4302
83,876484053909872640,17660,2175
84,876120275196170240,26329,4286
85,875747767867523072,23677,3912
86,875144289856114688,20631,4511
87,875097192612077568,25847,5579
88,875021211251597312,24008,4338
89,874680097055178752,26183,4253
90,874434818259525634,0,13358
91,874296783580663808,24554,3774
92,874057562936811520,21409,3660
93,874012996292530176,32325,9429
94,873580283840344065,22841,3620
95,873337748698140672,0,1472
96,873213775632977920,6758,1472
97,872967104147763200,25741,4992
98,872820683541237760,13920,3431
99,872620804844003328,19560,3362
100,872486979161796608,38505,8342
101,872122724285648897,32444,7472
102,871879754684805121,35538,10151
103,871762521631449091,19123,3229
104,871515927908634625,19099,3217
105,871166179821445120,0,5289
106,871102520638267392,19809,5107
107,871032628920680449,21528,3545
108,870804317367881728,31856,5733
109,870726314365509632,115,3
110,870656317836468226,11707,2453
111,870374049280663552,78664,24567
112,870308999962521604,20781,3855
113,870063196459192321,34643,7716
114,869772420881756160,40350,9399
115,869702957897576449,26812,5863
116,869596645499047938,15150,2906
117,869227993411051520,19398,3518
118,868880397819494401,62146,13440
119,868639477480148993,0,1939
120,868622495443632128,25374,4940
121,868552278524837888,9590,1939
122,867900495410671616,23025,3902
123,867774946302451713,32336,6867
124,867421006826221569,15315,2327
125,867072653475098625,0,112
126,867051520902168576,30693,7370
127,866720684873056260,19099,4487
128,866686824827068416,18393,3272
129,866450705531457537,116497,32987
130,866334964761202691,49992,13359
131,866094527597207552,0,7853
132,865718153858494464,24496,5271
133,865359393868664832,25277,4700
134,865006731092295680,26757,7226
135,864873206498414592,30841,8161
136,864279568663928832,13938,2840
137,864197398364647424,28673,8331
138,863907417377173506,19693,3896
139,863553081350529029,14609,3940
140,863471782782697472,0,2288
141,863432100342583297,22765,4947
142,863427515083354112,2111,90
143,863079547188785154,8410,1047
144,863062471531167744,8105,2288
145,862831371563274240,18396,4859
146,862722525377298433,16385,3340
147,862457590147678208,19606,4657
148,862096992088072192,71142,21863
149,861383897657036800,34610,10127
150,861288531465048066,16484,3914
151,861005113778896900,16040,3610
152,860981674716409858,0,2034
153,860924035999428608,0,760
154,860563773140209665,7199,2034
155,860524505164394496,22710,5040
156,860276583193509888,17671,3325
157,860184849394610176,16056,5549
158,860177593139703809,0,29356
159,859924526012018688,18844,3902
160,859851578198683649,14852,3335
161,859607811541651456,17939,1487
162,859196978902773760,86482,28667
163,859074603037188101,32594,12972
164,858860390427611136,0,7725
165,858843525470990336,15032,3321
166,858471635011153920,20757,4631
167,858107933456039936,15211,2772
168,857989990357356544,15557,2480
169,857746408056729600,33121,10156
170,857393404942143489,5697,1572
171,857263160327368704,19406,4323
172,857214891891077121,219,17
173,857062103051644929,0,162
174,857029823797047296,18261,3817
175,856543823941562368,15823,2771
176,856526610513747968,11516,1801
177,856330835276025856,0,646
178,856288084350160898,499,15
179,856282028240666624,26912,6042
180,855862651834028034,328,25
181,855860136149123072,4780,940
182,855857698524602368,11535,2033
183,855851453814013952,44453,17364
184,855818117272018944,25925,5226
185,855459453768019968,29028,7927
186,855245323840757760,0,5754
187,855138241867124737,0,43
188,854732716440526848,22164,5861
189,854482394044301312,28583,6651
190,854365224396361728,18429,4540
191,854120357044912130,31236,7235
192,854010172552949760,15854,3055
193,853760880890318849,27925,5573
194,853639147608842240,33913,9752
195,853299958564483072,15160,3458
196,852936405516943360,0,1940
197,852912242202992640,8850,1765
198,852672615818899456,14613,2102
199,852553447878664193,15985,3383
200,852311364735569921,32539,9695
201,852226086759018497,19618,6682
202,852189679701164033,11253,1553
203,851861385021730816,0,19
204,851591660324737024,15997,3400
205,851464819735769094,23849,6900
206,851224888060895234,20344,5609
207,850753642995093505,30320,8941
208,850380195714523136,12901,2555
209,850333567704068097,3404,322
210,850145622816686080,16087,3716
211,850019790995546112,20114,4780
212,849776966551130114,30015,7447
213,849668094696017920,0,4865
214,849412302885593088,15658,3100
215,849336543269576704,11273,1867
216,849051919805034497,41800,8335
217,848690551926992896,24885,4246
218,848324959059550208,24417,4536
219,848213670039564288,8079,720
220,848212111729840128,16134,2993
221,847978865427394560,0,3210
222,847971574464610304,0,425
223,847962785489326080,23251,5002
224,847842811428974592,5384,1314
225,847617282490613760,6919,409
226,847606175596138505,18572,3380
227,847251039262605312,20298,4258
228,847157206088847362,19693,5765
229,847116187444137987,21269,3136
230,846874817362120707,19923,3880
231,846514051647705089,44241,11414
232,846505985330044928,13990,3032
233,846153765933735936,31366,8933
234,846139713627017216,30794,9894
235,846042936437604353,15858,2834
236,845812042753855489,28996,8604
237,845677943972139009,25003,4741
238,845397057150107648,7584,1786
239,845306882940190720,23173,5335
240,845098359547420673,0,7573
241,844979544864018432,13549,2530
242,844973813909606400,14984,3157
243,844580511645339650,16371,3099
244,844223788422217728,13569,2179
245,843981021012017153,15099,2920
246,843856843873095681,21356,4580
247,843604394117681152,16792,2724
248,843235543001513987,21423,5982
249,842846295480000512,15226,3615
250,842765311967449089,6701,1271
251,842535590457499648,18035,3481
252,842163532590374912,24358,5754
253,842115215311396866,13935,3014
254,841833993020538882,0,14991
255,841680585030541313,25650,7770
256,841439858740625411,12626,3670
257,841320156043304961,19759,5479
258,841314665196081154,15808,4627
259,841077006473256960,22828,5289
260,840761248237133825,0,1762
261,840728873075638272,0,16074
262,840698636975636481,174,2
263,840696689258311684,12273,969
264,840632337062862849,8999,1762
265,840370681858686976,16433,4523
266,840268004936019968,19238,5708
267,839990271299457024,13401,2271
268,839549326359670784,27458,7725
269,839290600511926273,0,143
270,839239871831150596,27097,6521
271,838952994649550848,19651,3991
272,838921590096166913,11159,2060
273,838916489579200512,0,35
274,838831947270979586,0,10986
275,838561493054533637,10947,1336
276,838476387338051585,22510,4769
277,838201503651401729,0,10055
278,838150277551247360,1675,332
279,838085839343206401,140,1
280,838083903487373313,17637,3136
281,837820167694528512,34180,7853
282,837482249356513284,3852,443
283,837471256429613056,12825,2276
284,837110210464448512,16104,2367
285,836989968035819520,12793,2294
286,836753516572119041,19361,4648
287,836677758902222849,12636,2229
288,836648853927522308,0,555
289,836397794269200385,0,27537
290,836380477523124226,14803,2995
291,836260088725786625,21361,4312
292,836001077879255040,19133,4271
293,835685285446955009,0,8146
294,835574547218894849,17848,3629
295,835536468978302976,0,1704
296,835309094223372289,0,20996
297,835297930240217089,16534,3024
298,835264098648616962,7773,1704
299,835246439529840640,2110,73
300,835172783151792128,26258,5783
301,835152434251116546,22488,3028
302,834931633769889797,10848,1650
303,834786237630337024,21425,5515
304,834574053763584002,13722,2551
305,834477809192075265,0,10690
306,834458053273591808,9660,1691
307,834209720923721728,20695,4772
308,834167344700198914,15888,3674
309,834089966724603904,10101,2147
310,834086379323871233,13133,2219
311,833863086058651648,13485,2419
312,833826103416520705,18126,3791
313,833732339549220864,0,222
314,833722901757046785,20896,3239
315,833479644947025920,14913,2058
316,833124694597443584,20308,4865
317,832998151111966721,13330,2215
318,832769181346996225,0,39
319,832757312314028032,16950,3648
320,832682457690300417,11945,2935
321,832645525019123713,2950,534
322,832636094638288896,15938,2804
323,832397543355072512,12023,2232
324,832369877331693569,17273,3210
325,832273440279240704,11413,2352
326,832215909146226688,0,6240
327,832215726631055365,0,9396
328,832088576586297345,62,2
329,832040443403784192,0,9689
330,832032802820481025,17986,4685
331,831939777352105988,24152,6177
332,831926988323639298,338,34
333,831911600680497154,27794,6552
334,831670449226514432,10513,1836
335,831650051525054464,7198,1940
336,831552930092285952,9032,2327
337,831322785565769729,9340,1564
338,831315979191906304,6590,1135
339,831309418084069378,11834,2482
340,831262627380748289,11996,2065
341,830956169170665475,8031,1510
342,830583320585068544,67324,16909
343,830173239259324417,0,5726
344,830097400375152640,9875,2973
345,829878982036299777,0,5060
346,829861396166877184,12320,1966
347,829501995190984704,31998,10690
348,829449946868879360,10540,2042
349,829141528400556032,24589,7415
350,829011960981237760,53524,16436
351,828801551087042563,0,3445
352,828770345708580865,25783,5924
353,828708714936930305,36796,11280
354,828650029636317184,9591,1363
355,828409743546925057,6405,1174
356,828408677031882754,7734,1304
357,828381636999917570,12691,2232
358,828376505180889089,7447,1082
359,828372645993398273,12656,2971
360,828361771580813312,2214,173
361,828046555563323392,11858,2899
362,828011680017821696,10437,2168
363,827933404142436356,20287,5301
364,827653905312006145,15636,3044
365,827600520311402496,7509,953
366,827324948884643840,16008,3084
367,827199976799354881,10682,2244
368,826958653328592898,21789,5060
369,826848821049180160,36720,10284
370,826615380357632002,0,4030
371,826598799820865537,5160,256
372,826598365270007810,10143,2368
373,826476773533745153,18597,4238
374,826240494070030336,13431,2637
375,826204788643753985,4928,935
376,826115272272650244,15818,3172
377,825876512159186944,10582,1898
378,825829644528148480,12861,2519
379,825535076884762624,57396,17729
380,825147591692263424,18513,4594
381,825120256414846976,0,1277
382,825026590719483904,6378,1277
383,824796380199809024,0,5560
384,824775126675836928,15102,3565
385,824663926340194305,10638,1792
386,824325613288833024,11964,10644
387,824297048279236611,15240,3919
388,824025158776213504,4874,605
389,823939628516474880,10747,2744
390,823719002937630720,0,11351
391,823699002998870016,14167,2552
392,823581115634085888,13181,2661
393,823333489516937216,706,25
394,823322678127919110,15916,4087
395,823269594223824897,0,10031
396,822975315408461824,17514,3499
397,822872901745569793,133132,43861
398,822859134160621569,13441,2316
399,822647212903690241,0,6500
400,822610361945911296,15002,3000
401,822489057087389700,18388,6500
402,822462944365645825,28395,14529
403,822244816520155136,35405,10031
404,822163064745328640,0,4848
405,821886076407029760,11471,2351
406,821813639212650496,0,3402
407,821765923262631936,8522,1679
408,821522889702862852,8143,1794
409,821421320206483457,0,5682
410,821407182352777218,11934,4413
411,821153421864615936,258,10
412,821149554670182400,8759,2023
413,821107785811234820,9730,2166
414,821044531881721856,12829,2317
415,820837357901512704,0,6841
416,820749716845686786,32001,10055
417,820690176645140481,12373,3283
418,820494788566847489,0,572
419,820446719150292993,0,2608
420,820314633777061888,3391,572
421,820078625395449857,20098,6399
422,820013781606658049,0,1195
423,819952236453363712,5412,1195
424,819924195358416896,13078,4946
425,819711362133872643,13587,3169
426,819588359383371776,9773,2020
427,819347104292290561,7321,1227
428,819238181065359361,2299,413
429,819227688460238848,23419,6841
430,819015337530290176,0,37439
431,819015331746349057,0,19261
432,819006400881917954,45926,19261
433,819004803107983360,88124,37439
434,818646164899774465,0,21369
435,818627210458333184,22753,7666
436,818614493328580609,9994,2610
437,818588835076603904,0,6261
438,818536468981415936,11063,2505
439,818307523543449600,0,8241
440,818259473185828864,11193,2310
441,818145370475810820,12492,2617
442,817908911860748288,4938,818
443,817827839487737858,52482,27537
444,817777686764523521,10913,2740
445,817536400337801217,11960,3020
446,817502432452313088,0,3454
447,817423860136083457,34413,14991
448,817415592588222464,5696,970
449,817181837579653120,0,8618
450,817171292965273600,8921,2061
451,817120970343411712,12402,2649
452,817056546584727552,8729,1675
453,816829038950027264,0,4796
454,816816676327063552,10193,2077
455,816697700272001025,9967,2235
456,816450570814898180,30984,8241
457,816336735214911488,8748,1980
458,816091915477250048,9078,2184
459,816062466425819140,0,1042
460,816014286006976512,0,5380
461,815990720817401858,5042,1042
462,815966073409433600,22784,8618
463,815745968457060357,0,4217
464,815736392542261248,10025,2313
465,815639385530101762,8361,1680
466,815390420867969024,10543,3879
467,814986499976527872,7781,1300
468,814638523311648768,11466,2753
469,814578408554463233,0,5952
470,814530161257443328,8811,1905
471,814153002265309185,29289,8859
472,813944609378369540,0,3245
473,813910438903693312,9461,1905
474,813812741911748608,37057,14262
475,813800681631023104,8474,1801
476,813217897535406080,18991,7443
477,813202720496779264,9405,1843
478,813187593374461952,20254,4459
479,813172488309972993,9441,1967
480,813157409116065792,7916,2261
481,813142292504645637,8632,2434
482,813130366689148928,4558,457
483,813127251579564032,12073,3195
484,813112105746448384,10508,2800
485,813096984823349248,10760,3693
486,813081950185472002,10074,2833
487,813066809284972545,8104,1996
488,813051746834595840,21382,7519
489,812781120811126785,7720,1948
490,812709060537683968,6747,1464
491,812503143955202048,6194,1246
492,812466873996607488,8114,1978
493,812372279581671427,13921,3739
494,811985624773361665,7400,1432
495,811744202451197953,7691,1636
496,811647686436880384,5718,760
497,811627233043480576,13018,3150
498,811386762094317568,21350,6515
499,810984652412424192,5445,1468
500,810896069567610880,9200,1809
501,810657578271330305,11192,2709
502,810284430598270976,35988,11552
503,810254108431155201,15004,3445
504,809920764300447744,15831,4030
505,809808892968534016,0,5012
506,809448704142938112,7077,1499
507,809220051211603969,20334,5726
508,809084759137812480,13513,3608
509,808838249661788160,10320,3114
510,808733504066486276,8064,2217
511,808501579447930884,11526,2668
512,808344865868283904,43453,21369
513,808134635716833280,0,6070
514,808106460588765185,8969,2252
515,808001312164028416,12777,3614
516,807621403335917568,14876,3713
517,807106840509214720,120789,56767
518,807059379405148160,0,7518
519,807010152071229440,13338,3950
520,806629075125202948,76299,35503
521,806620845233815552,0,5665
522,806576416489959424,4997,1991
523,806542213899489280,10439,2408
524,806242860592926720,0,11910
525,806219024703037440,6568,1219
526,805958939288408065,0,5494
527,805932879469572096,8451,1963
528,805826884734976000,6701,1874
529,805823200554876929,0,8226
530,805520635690676224,5871,1697
531,805487436403003392,8969,2577
532,805207613751304193,7985,1756
533,804738756058218496,13984,3909
534,804475857670639616,6266,2065
535,804413760345620481,0,3308
536,804026241225523202,45424,16552
537,803773340896923648,10267,2811
538,803692223237865472,0,7604
539,803638050916102144,11179,4235
540,803380650405482500,7936,1908
541,803321560782307329,0,5452
542,803276597545603072,10240,2515
543,802952499103731712,9211,2060
544,802624713319034886,0,2982
545,802600418706604034,7253,1506
546,802572683846291456,9116,2572
547,802323869084381190,16558,5976
548,802265048156610565,6908,1412
549,802239329049477120,9263,2687
550,802185808107208704,0,279
551,801958328846974976,7907,1751
552,801854953262350336,1813,243
553,801538201127157760,8393,2117
554,801285448605831168,6186,845
555,801167903437357056,24996,6070
556,801127390143516673,0,4044
557,801115127852503040,8245,2153
558,800859414831898624,696,98
559,800855607700029440,0,1648
560,800751577355128832,10775,2865
561,800513324630806528,13409,3060
562,800459316964663297,9699,2224
563,800443802682937345,0,4424
564,800388270626521089,11392,2876
565,800188575492947969,0,4037
566,800141422401830912,15606,2608
567,800018252395122689,28952,13492
568,799774291445383169,0,4808
569,799757965289017345,8558,2219
570,799422933579902976,8219,1972
571,799308762079035393,0,5607
572,799297110730567681,10099,2830
573,799063482566066176,8223,2519
574,798933969379225600,13373,4578
575,798925684722855936,7646,1477
576,798705661114773508,0,6803
577,798701998996647937,0,7980
578,798697898615730177,0,6659
579,798694562394996736,0,5082
580,798686750113755136,0,2389
581,798682547630837760,0,4832
582,798673117451325440,0,5678
583,798665375516884993,0,4009
584,798644042770751489,0,1898
585,798628517273620480,0,2022
586,798585098161549313,0,5859
587,798576900688019456,0,5992
588,798340744599797760,0,3429
589,798209839306514432,10645,2621
590,797971864723324932,11860,3182
591,797545162159308800,14846,4990
592,797236660651966464,20367,6751
593,797165961484890113,228,26
594,796904159865868288,0,9141
595,796865951799083009,7850,1960
596,796759840936919040,12094,3119
597,796563435802726400,0,7446
598,796484825502875648,7734,1805
599,796387464403357696,11232,4251
600,796177847564038144,0,14632
601,796149749086875649,32943,14632
602,796125600683540480,5070,1855
603,796116448414461957,9308,2474
604,796080075804475393,8645,2370
605,796031486298386433,11045,3801
606,795464331001561088,50719,24238
607,795400264262053889,10274,2948
608,795076730285391872,16547,5560
609,794983741416415232,0,3458
610,794926597468000259,10471,2365
611,794355576146903043,0,10557
612,794332329137291264,9783,2738
613,794205286408003585,9413,3397
614,793962221541933056,17188,5012
615,793845145112371200,9425,1915
616,793614319594401792,0,3213
617,793601777308463104,8151,1668
618,793500921481273345,10897,2433
619,793286476301799424,25142,9396
620,793271401113350145,8881,2452
621,793256262322548741,20396,8549
622,793241302385262592,10737,3377
623,793226087023144960,10046,2940
624,793210959003287553,9113,2867
625,793195938047070209,15613,5767
626,793180763617361921,7081,2049
627,793165685325201412,9616,2853
628,793150605191548928,6316,1743
629,793135492858580992,6569,2555
630,793120401413079041,12942,4015
631,792913359805018113,14636,4072
632,792883833364439040,11546,4370
633,792773781206999040,7507,1717
634,792394556390137856,13739,4397
635,792050063153438720,7307,1848
636,791821351946420224,0,21598
637,791784077045166082,0,9820
638,791780927877898241,0,3909
639,791774931465953280,46074,22743
640,791672322847637504,12001,3213
641,791406955684368384,13413,4217
642,791312159183634433,8962,2596
643,791026214425268224,0,4199
644,790987426131050500,10039,2182
645,790946055508652032,16999,4796
646,790723298204217344,0,2365
647,790698755171364864,8398,1971
648,790581949425475584,21071,7333
649,790337589677002753,7996,1924
650,790277117346975746,12818,3245
651,790227638568808452,0,3656
652,789986466051088384,9452,2365
653,789960241177853952,0,4213
654,789903600034189313,10568,4224
655,789628658055020548,7654,1813
656,789599242079838210,6896,1972
657,789530877013393408,11983,3458
658,789314372632018944,8828,2349
659,789280767834746880,0,5061
660,789268448748703744,9289,2665
661,789137962068021249,9911,2865
662,788908386943430656,27983,12755
663,788765914992902144,27902,10557
664,788552643979468800,0,7350
665,788412144018661376,15857,5392
666,788178268662984705,7366,2143
667,788150585577050112,6240,1314
668,788070120937619456,0,3503
669,788039637453406209,6245,1351
670,787810552592695296,8809,3118
671,787717603741622272,10454,2847
672,787397959788929025,11086,2904
673,787322443945877504,7933,1780
674,787111942498508800,0,6891
675,786963064373534720,27144,8146
676,786729988674449408,0,2470
677,786709082849828864,18612,6240
678,786664955043049472,10807,2612
679,786595970293370880,9606,3180
680,786363235746385920,11100,3587
681,786286427768250368,8124,2909
682,786233965241827333,15557,4848
683,786051337297522688,1455,159
684,786036967502913536,0,7172
685,785927819176054784,11605,3250
686,785872687017132033,6819,1859
687,785639753186217984,7981,2281
688,785533386513321988,9278,2037
689,785515384317313025,6222,1285
690,785264754247995392,7395,1676
691,785170936622350336,12269,4935
692,784826020293709826,10305,3308
693,784517518371221505,9136,2590
694,784431430411685888,5797,1295
695,784183165795655680,20459,8226
696,784057939640352768,30306,11351
697,783839966405230592,30566,10986
698,783821107061198850,7485,2010
699,783695101801398276,10659,3280
700,783466772167098368,8605,2290
701,783391753726550016,17178,5594
702,783347506784731136,0,5658
703,783334639985389568,29673,11910
704,783085703974514689,8298,2241
705,782969140009107456,24550,7518
706,782747134529531904,7610,1438
707,782722598790725632,17581,5494
708,782598640137187329,7932,1910
709,782305867769217024,16932,5682
710,782021823840026624,0,6328
711,781955203444699136,11306,3439
712,781661882474196992,10606,2775
713,781655249211752448,4060,1147
714,781524693396357120,21077,5665
715,781308096455073793,7260,2593
716,781251288990355457,8566,2117
717,781163403222056960,9971,2786
718,780931614150983680,21996,7446
719,780858289093574656,7304,2046
720,780800785462489090,5578,1326
721,780601303617732608,12307,3402
722,780543529827336192,6406,1770
723,780496263422808064,0,3766
724,780476555013349377,0,115
725,780459368902959104,5376,1096
726,780192070812196864,8845,2285
727,780092040432480260,0,2336
728,780074436359819264,12386,5058
729,779834332596887552,19207,7172
730,779377524342161408,8940,3164
731,779124354206535695,0,18630
732,779056095788752897,14996,4602
733,778990705243029504,20279,7333
734,778774459159379968,0,10067
735,778764940568104960,881,366
736,778748913645780993,6993,1336
737,778650543019483137,5858,1528
738,778624900596654080,4710,1025
739,778408200802557953,13815,4405
740,778396591732486144,0,12448
741,778383385161035776,5930,1120
742,778286810187399168,10534,3355
743,778039087836069888,8628,2687
744,778027034220126208,6649,1641
745,777953400541634568,0,3582
746,777885040357281792,6443,1651
747,777684233540206592,11402,2982
748,777641927919427584,0,4299
749,777621514455814149,8878,2538
750,777189768882946048,14473,4369
751,776819012571455488,0,13905
752,776813020089548800,4943,1231
753,776477788987613185,8948,2826
754,776249906839351296,0,9279
755,776218204058357768,30336,16107
756,776201521193218049,9754,2548
757,776113305656188928,11936,4424
758,776088319444877312,1863,153
759,775898661951791106,0,16784
760,775842724423557120,11879,2694
761,775733305207554048,14048,4044
762,775729183532220416,13164,4661
763,775364825476165632,7497,3016
764,775350846108426240,10304,3960
765,775085132600442880,15762,4808
766,774757898236878852,8717,1813
767,774639387460112384,6826,1755
768,774314403806253056,22060,5607
769,773985732834758656,10874,3929
770,773922284943896577,6479,1770
771,773704687002451968,6691,1649
772,773670353721753600,5414,1330
773,773547596996571136,22397,6261
774,773336787167145985,0,5157
775,773308824254029826,23608,7573
776,773247561583001600,9572,3288
777,773191612633579521,10108,4202
778,772877495989305348,8681,3936
779,772826264096874500,8165,2381
780,772615324260794368,0,3427
781,772581559778025472,6577,1718
782,772193107915964416,6112,1410
783,772152991789019136,3844,1147
784,772117678702071809,3821,750
785,772114945936949249,2757,473
786,772102971039580160,4049,951
787,771908950375665664,6659,1930
788,771770456517009408,12153,3429
789,771500966810099713,8350,2642
790,771380798096281600,10611,5157
791,771171053431250945,0,7572
792,771136648247640064,9257,2969
793,771102124360998913,6309,1458
794,771014301343748096,6963,1678
795,770787852854652928,4983,1216
796,770772759874076672,5237,1430
797,770655142660169732,7418,1788
798,770414278348247044,6387,2126
799,770293558247038976,6308,1501
800,770093767776997377,0,3097
801,770069151037685760,7678,2324
802,769940425801170949,31699,9689
803,769695466921623552,6477,1696
804,769335591808995329,0,7820
805,769212283578875904,5455,1745
806,768970937022709760,14516,6591
807,768909767477751808,0,2710
808,768855141948723200,4243,900
809,768609597686943744,4167,1218
810,768596291618299904,5087,1294
811,768554158521745409,0,5903
812,768473857036525572,13764,3476
813,768193404517830656,10977,3582
814,767884188863397888,4792,1398
815,767754930266464257,16168,5452
816,767500508068192258,7571,2368
817,767191397493538821,12407,3808
818,767122157629476866,10265,2890
819,766864461642756096,0,5697
820,766793450729734144,5119,1368
821,766714921925144576,2635,383
822,766693177336135680,4055,806
823,766423258543644672,6054,1606
824,766313316352462849,6854,1912
825,766078092750233600,0,2659
826,766069199026450432,4272,862
827,766008592277377025,3779,503
828,765719909049503744,7295,2169
829,765669560888528897,5228,1238
830,765395769549590528,26848,3413
831,765371061932261376,7128,2189
832,765222098633691136,11729,3427
833,764857477905154048,6507,1792
834,764259802650378240,6076,1515
835,763956972077010945,762,56
836,763837565564780549,12715,4199
837,763183847194451968,5429,1486
838,763167063695355904,0,3051
839,763103485927849985,7424,2313
840,762699858130116608,12248,3656
841,762471784394268675,11307,6474
842,762464539388485633,10381,4213
843,762316489655476224,4829,1132
844,762035686371364864,32152,15691
845,761976711479193600,5448,2030
846,761750502866649088,0,3959
847,761745352076779520,4302,872
848,761672994376806400,49890,29356
849,761599872357261312,4159,1198
850,761371037149827077,0,18220
851,761334018830917632,5229,1463
852,761292947749015552,4520,1093
853,761227390836215808,5359,1581
854,761004547850530816,11416,3503
855,760893934457552897,3845,986
856,760656994973933572,6625,1927
857,760641137271070720,5012,1311
858,760539183865880579,7619,3653
859,760521673607086080,4251,1395
860,760290219849637889,27017,11591
861,760252756032651264,3967,873
862,760190180481531904,5735,1818
863,760153949710192640,0,31
864,759943073749200896,5992,2092
865,759923798737051648,14770,5697
866,759846353224826880,6776,1993
867,759793422261743616,6004,1933
868,759557299618865152,4733,1196
869,759447681597108224,8555,2470
870,759446261539934208,1684,494
871,759197388317847553,6116,1962
872,759159934323924993,0,1163
873,759099523532779520,14628,4201
874,759047813560868866,6535,2036
875,758854675097526272,3575,904
876,758828659922702336,11288,3865
877,758740312047005698,5774,1620
878,758474966123810816,3832,1009
879,758467244762497024,4821,2231
880,758405701903519748,5232,1922
881,758355060040593408,3426,1086
882,758099635764359168,19197,10067
883,758041019896193024,2721,377
884,757741869644341248,6915,3270
885,757729163776290825,0,8001
886,757725642876129280,4569,1221
887,757611664640446465,4589,1114
888,757597904299253760,0,301
889,757596066325864448,4361,1067
890,757400162377592832,15248,6901
891,757393109802180609,5852,1747
892,757354760399941633,4543,1433
893,756998049151549440,6328,1998
894,756939218950160384,6687,2021
895,756651752796094464,5093,1312
896,756526248105566208,10472,3610
897,756303284449767430,3959,1100
898,756288534030475264,44234,17836
899,756275833623502848,6450,1542
900,755955933503782912,7370,2900
901,755206590534418437,16542,5398
902,755110668769038337,21327,11162
903,754874841593970688,0,7962
904,754856583969079297,6931,2540
905,754747087846248448,2603,525
906,754482103782404096,5323,1967
907,754449512966619136,3777,736
908,754120377874386944,7925,2368
909,753655901052166144,5869,2180
910,753420520834629632,7957,3590
911,753398408988139520,5793,1916
912,753375668877008896,7687,2336
913,753298634498793472,0,5738
914,753294487569522689,3390,1049
915,753039830821511168,37300,20996
916,753026973505581056,3932,973
917,752932432744185856,12693,6891
918,752917284578922496,6961,1587
919,752701944171524096,0,2887
920,752682090207055872,6027,1601
921,752660715232722944,4394,1566
922,752568224206688256,5538,2297
923,752519690950500352,7409,3454
924,752334515931054080,3833,1099
925,752309394570878976,0,16313
926,752173152931807232,5993,1849
927,751950017322246144,3072,924
928,751937170840121344,5208,1338
929,751830394383790080,5832,1959
930,751793661361422336,5853,2911
931,751598357617971201,7959,3053
932,751583847268179968,4416,1108
933,751538714308972544,5056,1269
934,751456908746354688,3231,1007
935,751251247299190784,12577,5909
936,751205363882532864,6349,1825
937,751132876104687617,5096,1300
938,750868782890057730,4810,1371
939,750719632563142656,13228,5061
940,750506206503038976,4458,1147
941,750429297815552001,13219,4299
942,750383411068534784,4581,1155
943,750381685133418496,699,27
944,750147208377409536,3118,962
945,750132105863102464,3631,1295
946,750117059602808832,4352,1318
947,750101899009982464,3049,848
948,750086836815486976,2175,536
949,750071704093859840,7859,3351
950,750056684286914561,3172,900
951,750041628174217216,3195,622
952,750026558547456000,2727,792
953,750011400160841729,3253,908
954,749996283729883136,3078,820
955,749981277374128128,5137,2476
956,749774190421639168,4671,1316
957,749417653287129088,6126,1644
958,749403093750648834,2632,536
959,749395845976588288,8592,3443
960,749317047558017024,5518,2241
961,749075273010798592,5768,2077
962,749064354620928000,4820,1530
963,749036806121881602,3102,795
964,748977405889503236,10792,3405
965,748932637671223296,5829,2261
966,748705597323898880,2788,950
967,748699167502000129,4760,1592
968,748692773788876800,4261,1335
969,748575535303884801,6090,1975
970,748568946752774144,2200,669
971,748346686624440324,5225,1228
972,748337862848962560,7663,4114
973,748324050481647620,3687,760
974,748307329658011649,3678,713
975,748220828303695873,14177,7819
976,747963614829678593,5789,2148
977,747933425676525569,6608,2544
978,747885874273214464,2947,978
979,747844099428986880,2825,750
980,747816857231626240,4861,1164
981,747651430853525504,1392,156
982,747648653817413632,12920,5866
983,747600769478692864,2325,556
984,747594051852075008,3683,1057
985,747512671126323200,5555,1611
986,747461612269887489,3872,1042
987,747439450712596480,5428,1917
988,747242308580548608,0,2905
989,747219827526344708,5272,1571
990,747204161125646336,3377,924
991,747103485104099331,9581,3962
992,746906459439529985,2897,297
993,746872823977771008,5992,2133
994,746818907684614144,5321,1743
995,746790600704425984,4879,1604
996,746757706116112384,9589,3909
997,746726898085036033,6051,1798
998,746542875601690625,5038,1878
999,746521445350707200,0,983
1000,746507379341139972,4657,1083
1001,746369468511756288,6178,1627
1002,746131877086527488,6910,2203
1003,746056683365994496,3550,810
1004,745789745784041472,4022,1064
1005,745712589599014916,7007,2330
1006,745433870967832576,7074,2536
1007,745422732645535745,8576,2435
1008,745314880350101504,7182,2749
1009,745074613265149952,7836,3498
1010,745057283344719872,7249,2262
1011,744995568523612160,2964,620
1012,744971049620602880,7879,2683
1013,744709971296780288,5611,1562
1014,744334592493166593,6777,2114
1015,744234799360020481,156316,77871
1016,744223424764059648,1662,366
1017,743980027717509120,4170,1092
1018,743895849529389061,3643,961
1019,743835915802583040,0,2075
1020,743609206067040256,4475,1382
1021,743595368194129920,18372,6526
1022,743545585370791937,3527,940
1023,743510151680958465,7915,3719
1024,743253157753532416,4226,1224
1025,743222593470234624,6217,1901
1026,743210557239623680,3837,1361
1027,742534281772302336,7057,3569
1028,742528092657332225,4411,1976
1029,742465774154047488,7252,3893
1030,742423170473463808,9810,3766
1031,742385895052087300,6801,1968
1032,742161199639494656,4337,1370
1033,742150209887731712,5127,1543
1034,741793263812808706,4538,1508
1035,741743634094141440,8166,2746
1036,741438259667034112,3673,831
1037,741303864243200000,8775,3201
1038,741099773336379392,9979,5501
1039,741067306818797568,9496,3097
1040,740995100998766593,6357,2737
1041,740711788199743490,3396,933
1042,740699697422163968,2844,783
1043,740676976021798912,18138,6803
1044,740373189193256964,34902,13291
1045,740365076218183684,2453,431
1046,740359016048689152,3296,864
1047,740214038584557568,6677,1959
1048,739979191639244800,19925,5903
1049,739932936087216128,4050,1070
1050,739844404073074688,3795,852
1051,739623569819336705,3756,1347
1052,739606147276148736,5370,1650
1053,739544079319588864,39434,21187
1054,739485634323156992,7141,2918
1055,739238157791694849,115513,57737
1056,738891149612572673,111,6
1057,738885046782832640,3766,1140
1058,738883359779196928,3293,789
1059,738537504001953792,5066,1537
1060,738402415918125056,3239,835
1061,738184450748633089,4305,1204
1062,738166403467907072,8747,3344
1063,738156290900254721,2502,639
1064,737826014890496000,5256,1761
1065,737800304142471168,9963,3446
1066,737678689543020544,5023,1314
1067,737445876994609152,10223,4441
1068,737322739594330112,3587,810
1069,737310737551491075,14613,7389
1070,736736130620620800,4248,1721
1071,736392552031657984,17621,7350
1072,736365877722001409,3963,1238
1073,736225175608430592,8097,2771
1074,736010884653420544,7873,2983
1075,735991953473572864,3580,1147
1076,735648611367784448,4017,1097
1077,735635087207878657,6131,2332
1078,735274964362878976,12963,5012
1079,735256018284875776,3320,880
1080,735137028879360001,3122,966
1081,734912297295085568,2740,524
1082,734787690684657664,12489,6249
1083,734776360183431168,2491,541
1084,734559631394082816,1477,394
1085,733828123016450049,3562,778
1086,733822306246479872,3666,1018
1087,733482008106668032,3125,948
1088,733460102733135873,4182,1275
1089,733109485275860992,50007,16784
1090,732732193018155009,2427,533
1091,732726085725589504,3531,883
1092,732585889486888962,3644,776
1093,732375214819057664,8048,2502
1094,732005617171337216,14824,5380
1095,731285275100512256,3475,985
1096,731156023742988288,3825,1258
1097,730924654643314689,6115,1961
1098,730573383004487680,4882,2122
1099,730427201120833536,3472,1045
1100,730211855403241472,3800,1053
1101,730196704625098752,4826,1892
1102,729854734790754305,4007,1118
1103,729838605770891264,1718,381
1104,729823566028484608,3957,1239
1105,729463711119904772,5769,2302
1106,729113531270991872,1874,323
1107,728986383096946689,3126,818
1108,728760639972315136,4659,1692
1109,728751179681943552,2752,674
1110,728653952833728512,3289,1027
1111,728409960103686147,4886,1990
1112,728387165835677696,3670,956
1113,728046963732717569,4276,1192
1114,728035342121635841,4542,1653
1115,728015554473250816,4090,1098
1116,727685679342333952,2944,636
1117,727644517743104000,5854,1737
1118,727524757080539137,4449,1211
1119,727314416056803329,3319,737
1120,727286334147182592,3030,808
1121,727175381690781696,3888,1375
1122,727155742655025152,3601,1326
1123,726935089318363137,6838,2444
1124,726887082820554753,3822,1514
1125,726828223124897792,3548,996
1126,726224900189511680,4403,1139
1127,725842289046749185,7043,2659
1128,725786712245440512,4143,1360
1129,725729321944506368,5178,1773
1130,725458796924002305,1400,611
1131,724983749226668032,3703,1304
1132,724771698126512129,2335,635
1133,724405726123311104,5246,1635
1134,724049859469295616,4294,1763
1135,724046343203856385,2643,553
1136,724004602748780546,4157,1543
1137,723912936180330496,3862,1227
1138,723688335806480385,7626,2921
1139,723673163800948736,2990,882
1140,723179728551723008,5270,1856
1141,722974582966214656,4072,1548
1142,722613351520608256,4935,1627
1143,721503162398597120,4592,1838
1144,721001180231503872,2510,607
1145,720785406564900865,3093,761
1146,720775346191278080,2446,659
1147,720415127506415616,4104,1490
1148,720389942216527872,6335,2490
1149,720340705894408192,2853,971
1150,720059472081784833,3843,1109
1151,720043174954147842,4871,1991
1152,719991154352222208,4803,1729
1153,719704490224398336,4510,1419
1154,719551379208073216,5022,1895
1155,719367763014393856,2783,738
1156,719339463458033665,4400,1222
1157,719332531645071360,3412,944
1158,718971898235854848,3467,1069
1159,718939241951195136,5220,1748
1160,718631497683582976,18737,7980
1161,718613305783398402,2416,477
1162,718540630683709445,2438,1007
1163,718460005985447936,2680,521
1164,718454725339934721,4831,1499
1165,718246886998687744,1905,498
1166,718234618122661888,3845,989
1167,717841801130979328,2453,601
1168,717790033953034240,2862,1103
1169,717537687239008257,5752,1844
1170,717428917016076293,1606,447
1171,717421804990701568,3140,841
1172,717047459982213120,6257,1918
1173,717009362452090881,3236,957
1174,716802964044845056,4252,1160
1175,716791146589110272,8100,1565
1176,716730379797970944,1225,424
1177,716447146686459905,12982,5820
1178,716439118184652801,2363,207
1179,716285507865542656,2747,1050
1180,716080869887381504,6707,1889
1181,715928423106027520,3176,874
1182,715758151270801409,3697,1427
1183,715733265223708672,4631,1678
1184,715704790270025728,2774,562
1185,715696743237730304,3889,1281
1186,715680795826982913,4277,1603
1187,715360349751484417,5443,1555
1188,715342466308784130,3022,688
1189,715220193576927233,2411,643
1190,715200624753819648,5106,1871
1191,715009755312439296,4135,1222
1192,714982300363173890,3708,1026
1193,714962719905021952,7308,4233
1194,714957620017307648,4103,1402
1195,714631576617938945,3260,992
1196,714606013974974464,3611,923
1197,714485234495041536,2668,1120
1198,714258258790387713,3017,714
1199,714251586676113411,3260,830
1200,714214115368108032,2262,864
1201,714141408463036416,4290,1390
1202,713919462244790272,3275,783
1203,713909862279876608,1890,533
1204,713900603437621249,2815,738
1205,713761197720473600,4841,1369
1206,713411074226274305,4414,1289
1207,713177543487135744,7183,2815
1208,713175907180089344,4434,1466
1209,712809025985978368,18440,6659
1210,712717840512598017,12274,4946
1211,712668654853337088,4160,1206
1212,712438159032893441,5301,1553
1213,712309440758808576,241,25
1214,712097430750289920,3761,1022
1215,712092745624633345,2923,883
1216,712085617388212225,3252,484
1217,712065007010385924,2255,617
1218,711998809858043904,0,125
1219,711968124745228288,8029,2289
1220,711743778164514816,2827,976
1221,711732680602345472,8795,4090
1222,711694788429553666,32700,18220
1223,711652651650457602,3826,908
1224,711363825979756544,3630,1132
1225,711306686208872448,3292,732
1226,711008018775851008,2984,611
1227,710997087345876993,4538,1376
1228,710844581445812225,2531,684
1229,710833117892898816,2668,532
1230,710658690886586372,2303,555
1231,710609963652087808,4768,2368
1232,710588934686908417,4512,1855
1233,710296729921429505,2359,731
1234,710283270106132480,2136,517
1235,710272297844797440,4510,1241
1236,710269109699739648,2383,1115
1237,710153181850935296,2890,880
1238,710140971284037632,2743,874
1239,710117014656950272,5458,1981
1240,709918798883774466,3465,1078
1241,709901256215666688,666,99
1242,709852847387627521,3508,1195
1243,709566166965075968,3535,1202
1244,709556954897764353,3284,1064
1245,709519240576036864,1486,236
1246,709449600415961088,2210,565
1247,709409458133323776,2607,679
1248,709225125749587968,2399,570
1249,709207347839836162,12487,5768
1250,709198395643068416,2417,640
1251,709179584944730112,1992,664
1252,709158332880297985,2022,411
1253,709042156699303936,4717,1620
1254,708853462201716736,1790,655
1255,708845821941387268,2972,896
1256,708834316713893888,1677,495
1257,708810915978854401,16392,6887
1258,708738143638450176,2727,804
1259,708711088997666817,2529,715
1260,708479650088034305,2532,677
1261,708469915515297792,3086,806
1262,708400866336894977,15913,10021
1263,708356463048204288,3566,1314
1264,708349470027751425,2332,735
1265,708149363256774660,4259,1544
1266,708130923141795840,3369,850
1267,708119489313951744,2676,977
1268,708109389455101952,1935,548
1269,708026248782585858,4368,1921
1270,707995814724026368,3110,1118
1271,707983188426153984,49,2
1272,707969809498152960,2689,959
1273,707776935007539200,3268,952
1274,707741517457260545,2479,611
1275,707738799544082433,4063,2447
1276,707693576495472641,3391,987
1277,707629649552134146,2559,871
1278,707610948723478529,16913,6328
1279,707420581654872064,2262,695
1280,707411934438625280,2294,596
1281,707387676719185920,3483,1282
1282,707377100785885184,3268,1088
1283,707315916783140866,2461,633
1284,707297311098011648,2760,781
1285,707059547140169728,2584,667
1286,707038192327901184,2174,788
1287,707021089608753152,4057,1350
1288,707014260413456384,2303,596
1289,706904523814649856,14511,7820
1290,706901761596989440,2048,589
1291,706681918348251136,3285,968
1292,706644897839910912,2557,1083
1293,706593038911545345,2145,629
1294,706538006853918722,3462,1421
1295,706516534877929472,3092,1027
1296,706346369204748288,3434,922
1297,706310011488698368,21233,7887
1298,706291001778950144,1687,473
1299,706265994973601792,2721,930
1300,706169069255446529,3892,2199
1301,706166467411222528,5149,1590
1302,706153300320784384,1477,383
1303,705975130514706432,3089,729
1304,705970349788291072,3151,889
1305,705898680587526145,2357,548
1306,705786532653883392,1928,516
1307,705591895322394625,3144,1149
1308,705475953783398401,2947,909
1309,705442520700944385,4412,1619
1310,705428427625635840,3801,1678
1311,705239209544720384,2995,745
1312,705223444686888960,2578,796
1313,705102439679201280,2134,516
1314,705066031337840642,2175,616
1315,704871453724954624,4258,1112
1316,704859558691414016,2248,540
1317,704847917308362754,5055,1521
1318,704819833553219584,2625,986
1319,704761120771465216,6615,2905
1320,704499785726889984,2906,1011
1321,704491224099647488,752,78
1322,704480331685040129,3378,1062
1323,704364645503647744,7972,3534
1324,704347321748819968,1572,349
1325,704134088924532736,1497,456
1326,704113298707505153,1845,569
1327,704054845121142784,2914,911
1328,703774238772166656,1836,459
1329,703769065844768768,3265,1135
1330,703631701117943808,2572,677
1331,703611486317502464,3835,1523
1332,703425003149250560,3795,1359
1333,703407252292673536,2440,693
1334,703382836347330562,3500,1144
1335,703356393781329922,1911,383
1336,703268521220972544,1964,548
1337,703079050210877440,7362,3068
1338,703041949650034688,26268,12448
1339,702932127499816960,2572,727
1340,702899151802126337,1605,451
1341,702684942141153280,3213,1072
1342,702671118226825216,2192,553
1343,702598099714314240,12197,3419
1344,702539513671897089,2870,959
1345,702332542343577600,3172,1544
1346,702321140488925184,3262,1038
1347,702276748847800320,2455,762
1348,702217446468493312,4768,1329
1349,701981390485725185,3441,990
1350,701952816642965504,3832,1021
1351,701889187134500865,3527,1384
1352,701805642395348998,3399,1672
1353,701601587219795968,2082,448
1354,701570477911896070,2804,921
1355,701545186879471618,2655,607
1356,701214700881756160,12156,5082
1357,700890391244103680,2207,564
1358,700864154249383937,2589,620
1359,700847567345688576,2452,501
1360,700796979434098688,2432,935
1361,700747788515020802,22766,9279
1362,700518061187723268,2602,794
1363,700505138482569216,2280,567
1364,700462010979500032,4121,1779
1365,700167517596164096,2623,732
1366,700151421916807169,2230,670
1367,700143752053182464,7502,2710
1368,700062718104104960,2645,689
1369,700029284593901568,2065,585
1370,700002074055016451,3312,1338
1371,699801817392291840,3054,952
1372,699788877217865730,2224,508
1373,699779630832685056,2733,1227
1374,699775878809702401,1955,603
1375,699691744225525762,10242,4599
1376,699446877801091073,5934,2603
1377,699434518667751424,2157,515
1378,699423671849451520,1359,324
1379,699413908797464576,2073,624
1380,699370870310113280,1883,441
1381,699323444782047232,3142,858
1382,699088579889332224,2236,632
1383,699079609774645248,2446,653
1384,699072405256409088,2962,1188
1385,699060279947165696,3742,1797
1386,699036661657767936,2591,1194
1387,698989035503689728,3338,971
1388,698953797952008193,2673,895
1389,698907974262222848,2532,624
1390,698710712454139905,2459,678
1391,698703483621523456,1442,377
1392,698635131305795584,1291,338
1393,698549713696649216,2324,622
1394,698355670425473025,1848,448
1395,698342080612007937,2261,949
1396,698262614669991936,4734,1994
1397,698195409219559425,16697,5952
1398,698178924120031232,2796,737
1399,697995514407682048,1513,331
1400,697990423684476929,3273,1292
1401,697943111201378304,2376,680
1402,697881462549430272,3007,1174
1403,697630435728322560,1733,539
1404,697616773278015490,3154,1010
1405,697596423848730625,3009,1262
1406,697575480820686848,2032,497
1407,697516214579523584,2049,1111
1408,697482927769255936,2406,674
1409,697463031882764288,3413,1394
1410,697270446429966336,4679,1871
1411,697259378236399616,3283,1001
1412,697255105972801536,3025,1158
1413,697242256848379904,2504,668
1414,696900204696625153,3160,1018
1415,696894894812565505,2333,675
1416,696886256886657024,4838,1796
1417,696877980375769088,2426,708
1418,696754882863349760,1480,360
1419,696744641916489729,2053,936
1420,696713835009417216,2363,653
1421,696518437233913856,3901,1703
1422,696490539101908992,1209,141
1423,696488710901260288,2524,1015
1424,696405997980676096,3194,1151
1425,696100768806522880,1924,650
1426,695816827381944320,3001,1161
1427,695794761660297217,3147,761
1428,695767669421768709,1853,745
1429,695629776980148225,4551,2090
1430,695446424020918272,4383,1801
1431,695409464418041856,8645,3564
1432,695314793360662529,3615,1447
1433,695095422348574720,2623,611
1434,695074328191332352,2829,1092
1435,695064344191721472,1593,588
1436,695051054296211456,2657,784
1437,694925794720792577,2678,915
1438,694905863685980160,2741,936
1439,694669722378485760,35716,14324
1440,694356675654983680,1496,285
1441,694352839993344000,2031,613
1442,694342028726001664,1570,481
1443,694329668942569472,1998,499
1444,694206574471057408,4139,2029
1445,694183373896572928,2941,923
1446,694001791655137281,3398,1022
1447,693993230313091072,1871,400
1448,693942351086120961,1738,369
1449,693647888581312512,2679,583
1450,693644216740769793,1345,122
1451,693642232151285760,2527,410
1452,693629975228977152,2436,791
1453,693622659251335168,1534,372
1454,693590843962331137,5043,1949
1455,693582294167244802,1643,252
1456,693486665285931008,1775,634
1457,693280720173801472,3341,1231
1458,693267061318012928,2371,809
1459,693262851218264065,2209,498
1460,693231807727280129,2862,732
1461,693155686491000832,7853,3199
1462,693109034023534592,1711,610
1463,693095443459342336,1851,459
1464,692919143163629568,2664,752
1465,692905862751522816,2417,864
1466,692901601640583168,1759,599
1467,692894228850999298,2262,804
1468,692828166163931137,2860,880
1469,692752401762250755,6803,3631
1470,692568918515392513,4347,1529
1471,692535307825213440,3163,1357
1472,692530551048294401,1821,412
1473,692423280028966913,1477,225
1474,692417313023332352,9333,3454
1475,692187005137076224,2522,818
1476,692158366030913536,2139,787
1477,692142790915014657,1642,393
1478,692041934689402880,3388,1266
1479,692017291282812928,2879,956
1480,691820333922455552,3947,1657
1481,691793053716221953,8109,4211
1482,691756958957883396,2852,999
1483,691675652215414786,1947,506
1484,691483041324204033,2381,563
1485,691459709405118465,4030,1136
1486,691444869282295808,2642,845
1487,691416866452082688,19263,7604
1488,691321916024623104,2555,660
1489,691096613310316544,2949,876
1490,691090071332753408,1713,332
1491,690989312272396288,5883,2857
1492,690959652130045952,3569,1244
1493,690938899477221376,4072,1952
1494,690932576555528194,3280,1014
1495,690735892932222976,3775,1266
1496,690728923253055490,2174,514
1497,690690673629138944,2331,813
1498,690649993829576704,1300,278
1499,690607260360429569,295,18
1500,690597161306841088,1948,600
1501,690400367696297985,1879,451
1502,690374419777196032,3245,845
1503,690360449368465409,2667,877
1504,690348396616552449,1504,516
1505,690248561355657216,1665,415
1506,690021994562220032,2784,1029
1507,690015576308211712,2486,729
1508,690005060500217858,3658,1683
1509,689999384604450816,1414,369
1510,689993469801164801,1457,449
1511,689977555533848577,1368,444
1512,689905486972461056,2431,697
1513,689877686181715968,3032,1158
1514,689835978131935233,2165,742
1515,689661964914655233,3203,925
1516,689659372465688576,10340,3859
1517,689623661272240129,2224,639
1518,689599056876867584,11617,5504
1519,689557536375177216,2037,455
1520,689517482558820352,3384,1424
1521,689289219123089408,2252,938
1522,689283819090870273,3257,1099
1523,689280876073582592,1977,708
1524,689275259254616065,1140,243
1525,689255633275777024,2545,1079
1526,689154315265683456,3068,999
1527,689143371370250240,2007,508
1528,688916208532455424,2715,865
1529,688908934925697024,2106,763
1530,688898160958271489,2089,778
1531,688894073864884227,2233,689
1532,688828561667567616,1375,369
1533,688804835492233216,956,191
1534,688789766343622656,2207,660
1535,688547210804498433,2588,698
1536,688519176466644993,2305,723
1537,688385280030670848,9263,4462
1538,688211956440801280,2238,825
1539,688179443353796608,2131,580
1540,688116655151435777,2819,770
1541,688064179421470721,1727,358
1542,687841446767013888,5453,2503
1543,687826841265172480,2744,1115
1544,687818504314159109,2472,939
1545,687807801670897665,2394,715
1546,687732144991551489,1756,664
1547,687704180304273409,2419,840
1548,687664829264453632,1927,510
1549,687494652870668288,1893,577
1550,687480748861947905,1596,239
1551,687476254459715584,1981,532
1552,687460506001633280,2054,541
1553,687399393394311168,1887,616
1554,687317306314240000,20103,9141
1555,687312378585812992,4344,1896
1556,687127927494963200,5422,2264
1557,687124485711986689,2166,502
1558,687109925361856513,5782,2455
1559,687102708889812993,2340,975
1560,687096057537363968,2240,601
1561,686947101016735744,8611,3181
1562,686760001961103360,3508,1379
1563,686749460672679938,3466,1449
1564,686730991906516992,4129,1193
1565,686683045143953408,2817,798
1566,686618349602762752,3703,1361
1567,686606069955735556,1882,542
1568,686394059078897668,1731,685
1569,686386521809772549,3248,874
1570,686377065986265092,2205,565
1571,686358356425093120,2177,665
1572,686286779679375361,3998,1656
1573,686050296934563840,2211,726
1574,686035780142297088,1143,116
1575,686034024800862208,3082,1142
1576,686007916130873345,2481,410
1577,686003207160610816,1825,624
1578,685973236358713344,2096,522
1579,685943807276412928,1624,591
1580,685906723014619143,7491,2874
1581,685681090388975616,2028,124
1582,685667379192414208,2353,561
1583,685663452032069632,3232,1455
1584,685641971164143616,2928,776
1585,685547936038666240,32860,15583
1586,685532292383666176,3019,1155
1587,685325112850124800,9442,3959
1588,685321586178670592,2651,636
1589,685315239903100929,3316,1044
1590,685307451701334016,2068,441
1591,685268753634967552,3092,1193
1592,685198997565345792,2340,667
1593,685169283572338688,4097,1427
1594,684969860808454144,2385,368
1595,684959798585110529,6816,3113
1596,684940049151070208,3202,1041
1597,684926975086034944,3486,459
1598,684914660081053696,3503,1444
1599,684902183876321280,1872,527
1600,684880619965411328,2086,805
1601,684830982659280897,34956,21598
1602,684800227459624960,2734,1001
1603,684594889858887680,8884,3493
1604,684588130326986752,4105,1405
1605,684567543613382656,3012,1210
1606,684538444857667585,2644,948
1607,684481074559381504,3884,1164
1608,684460069371654144,1971,557
1609,684241637099323392,8121,3266
1610,684225744407494656,1225,207
1611,684222868335505415,3812,1365
1612,684200372118904832,2149,1030
1613,684195085588783105,1904,510
1614,684188786104872960,3486,1168
1615,684177701129875456,2008,659
1616,684147889187209216,2983,1511
1617,684122891630342144,2004,466
1618,684097758874210310,4106,1426
1619,683857920510050305,3799,1118
1620,683852578183077888,1929,344
1621,683849932751646720,2606,960
1622,683834909291606017,2614,1109
1623,683828599284170753,2785,1060
1624,683773439333797890,3335,1345
1625,683742671509258241,6456,3288
1626,683515932363329536,7322,2887
1627,683498322573824003,3169,961
1628,683481228088049664,2644,993
1629,683462770029932544,2419,670
1630,683449695444799489,3882,1601
1631,683391852557561860,7607,2389
1632,683357973142474752,2900,911
1633,683142553609318400,2856,1042
1634,683111407806746624,3388,907
1635,683098815881154561,2156,656
1636,683078886620553216,1983,560
1637,683030066213818368,2162,735
1638,682962037429899265,36723,16507
1639,682808988178739200,1780,167
1640,682788441537560576,2481,1105
1641,682750546109968385,1512,437
1642,682697186228989953,1314,356
1643,682662431982772225,3053,1077
1644,682638830361513985,2064,596
1645,682429480204398592,3425,1152
1646,682406705142087680,7545,1764
1647,682393905736888321,2221,671
1648,682389078323662849,1650,460
1649,682303737705140231,3047,969
1650,682259524040966145,4135,1202
1651,682242692827447297,3243,1160
1652,682088079302213632,18169,9820
1653,682059653698686977,4925,1674
1654,682047327939461121,3189,928
1655,682032003584274432,6550,1994
1656,682003177596559360,3122,1522
1657,681981167097122816,2798,1027
1658,681891461017812993,2467,814
1659,681694085539872773,12743,4037
1660,681679526984871937,1770,439
1661,681654059175129088,2630,918
1662,681610798867845120,1900,462
1663,681579835668455424,3537,1293
1664,681523177663676416,14244,5738
1665,681340665377193984,1638,275
1666,681339448655802368,9253,4067
1667,681320187870711809,2636,739
1668,681302363064414209,3914,1804
1669,681297372102656000,3207,947
1670,681281657291280384,3216,1091
1671,681261549936340994,1451,268
1672,681242418453299201,1481,527
1673,681231109724700672,2401,483
1674,681193455364796417,3687,1474
1675,680970795137544192,2413,653
1676,680959110691590145,4565,1993
1677,680940246314430465,3186,1047
1678,680934982542561280,2077,433
1679,680913438424612864,2394,619
1680,680889648562991104,1758,361
1681,680836378243002368,3448,1312
1682,680805554198020098,2148,660
1683,680801747103793152,2370,814
1684,680798457301471234,2834,1026
1685,680609293079592961,2629,697
1686,680583894916304897,3611,1326
1687,680497766108381184,4216,1902
1688,680494726643068929,1710,482
1689,680473011644985345,2537,739
1690,680440374763077632,1438,497
1691,680221482581123072,1457,291
1692,680206703334408192,2823,1158
1693,680191257256136705,2136,498
1694,680176173301628928,3868,1541
1695,680161097740095489,2311,729
1696,680145970311643136,3596,1728
1697,680130881361686529,2278,935
1698,680115823365742593,2703,899
1699,680100725817409536,3549,1365
1700,680085611152338944,12742,8934
1701,680070545539371008,2564,862
1702,679877062409191424,1981,644
1703,679872969355714560,2175,655
1704,679862121895714818,2444,616
1705,679854723806179328,2838,1220
1706,679844490799091713,2352,756
1707,679828447187857408,36057,13905
1708,679777920601223168,3074,1095
1709,679736210798047232,2082,781
1710,679729593985699840,2157,816
1711,679722016581222400,1656,461
1712,679530280114372609,4763,2065
1713,679527802031484928,2626,716
1714,679511351870550016,3347,1251
1715,679503373272485890,3141,1451
1716,679475951516934144,2080,632
1717,679462823135686656,31364,18630
1718,679405845277462528,2352,1194
1719,679158373988876288,21132,7962
1720,679148763231985668,2759,1017
1721,679132435750195208,2945,1143
1722,679111216690831360,5917,2552
1723,679062614270468097,16815,8001
1724,679047485189439488,2229,659
1725,679001094530465792,2799,1212
1726,678991772295516161,2279,1145
1727,678969228704284672,1637,453
1728,678800283649069056,2543,889
1729,678798276842360832,3422,1150
1730,678774928607469569,2788,894
1731,678767140346941444,3491,1343
1732,678764513869611008,1623,468
1733,678755239630127104,7038,3236
1734,678740035362037760,3720,1657
1735,678708137298427904,5538,2393
1736,678675843183484930,2833,1440
1737,678643457146150913,2031,401
1738,678446151570427904,3955,1523
1739,678424312106393600,5421,2508
1740,678410210315247616,4171,1781
1741,678399652199309312,78386,31353
1742,678396796259975168,1576,409
1743,678389028614488064,1857,418
1744,678380236862578688,2405,900
1745,678341075375947776,1709,529
1746,678334497360859136,1292,249
1747,678278586130948096,11290,6004
1748,678255464182861824,1578,358
1749,678023323247357953,1892,375
1750,678021115718029313,13490,6236
1751,677961670166224897,3377,1659
1752,677918531514703872,1331,400
1753,677895101218201600,4771,2038
1754,677716515794329600,3017,966
1755,677700003327029250,3340,1421
1756,677698403548192770,1210,315
1757,677687604918272002,2456,840
1758,677673981332312066,3282,1478
1759,677662372920729601,1928,942
1760,677644091929329666,1828,784
1761,677573743309385728,2097,691
1762,677565715327688705,1282,456
1763,677557565589463040,2408,1130
1764,677547928504967168,6847,3606
1765,677530072887205888,1048,224
1766,677335745548390400,2999,1747
1767,677334615166730240,1324,280
1768,677331501395156992,1072,232
1769,677328882937298944,3584,1478
1770,677314812125323265,1619,522
1771,677301033169788928,1216,394
1772,677269281705472000,1955,694
1773,677228873407442944,3496,1614
1774,677187300187611136,2703,906
1775,676975532580409345,2727,1047
1776,676957860086095872,2201,798
1777,676949632774234114,1280,390
1778,676948236477857792,2134,849
1779,676946864479084545,1704,363
1780,676942428000112642,2039,738
1781,676936541936185344,12522,4832
1782,676916996760600576,2937,1781
1783,676897532954456065,2209,708
1784,676864501615042560,2064,696
1785,676821958043033607,22557,15287
1786,676819651066732545,1787,650
1787,676811746707918848,1395,414
1788,676776431406465024,4917,1984
1789,676617503762681856,2841,943
1790,676613908052996102,1064,197
1791,676606785097199616,1861,425
1792,676603393314578432,1138,375
1793,676593408224403456,4494,2121
1794,676590572941893632,897,119
1795,676588346097852417,2271,765
1796,676582956622721024,1176,268
1797,676575501977128964,2535,1097
1798,676533798876651520,1836,542
1799,676496375194980353,1492,522
1800,676470639084101634,11396,4582
1801,676440007570247681,1688,646
1802,676430933382295552,1368,338
1803,676263575653122048,2043,531
1804,676237365392908289,1188,282
1805,676219687039057920,74945,30429
1806,676215927814406144,1705,563
1807,676191832485810177,2235,1007
1808,676146341966438401,1875,647
1809,676121918416756736,2120,1135
1810,676101918813499392,2772,1139
1811,676098748976615425,2939,1390
1812,676089483918516224,1284,427
1813,675898130735476737,1582,560
1814,675891555769696257,2083,834
1815,675888385639251968,2331,934
1816,675878199931371520,4090,1369
1817,675870721063669760,1591,551
1818,675853064436391936,2633,1261
1819,675849018447167488,921,140
1820,675845657354215424,2227,857
1821,675822767435051008,1487,522
1822,675820929667219457,1025,230
1823,675798442703122432,10030,3330
1824,675781562965868544,1593,456
1825,675740360753160193,1140,333
1826,675710890956750848,1847,794
1827,675707330206547968,1930,664
1828,675706639471788032,628,93
1829,675534494439489536,1777,403
1830,675531475945709568,1156,370
1831,675522403582218240,1016,281
1832,675517828909424640,1259,451
1833,675501075957489664,16753,5678
1834,675497103322386432,3068,1256
1835,675489971617296384,1264,580
1836,675483430902214656,1803,954
1837,675432746517426176,1485,552
1838,675372240448454658,1648,502
1839,675362609739206656,1023,226
1840,675354435921575936,31699,16313
1841,675334060156301312,2696,1247
1842,675166823650848770,3496,1544
1843,675153376133427200,6097,2504
1844,675149409102012420,3654,1636
1845,675147105808306176,917,227
1846,675146535592706048,1152,287
1847,675145476954566656,2078,869
1848,675135153782571009,1270,469
1849,675113801096802304,1903,762
1850,675111688094527488,938,244
1851,675109292475830276,2718,1101
1852,675047298674663426,1036,314
1853,675015141583413248,2634,1153
1854,675006312288268288,959,216
1855,675003128568291329,1522,453
1856,674999807681908736,2181,1072
1857,674805413498527744,836,345
1858,674800520222154752,2935,828
1859,674793399141146624,2443,1058
1860,674790488185167872,1073,241
1861,674788554665512960,792,203
1862,674781762103414784,1947,1154
1863,674774481756377088,1083,454
1864,674767892831932416,1777,757
1865,674764817387900928,772,229
1866,674754018082705410,1329,431
1867,674752233200820224,1426,449
1868,674743008475090944,1359,533
1869,674742531037511680,472,49
1870,674739953134403584,1066,375
1871,674737130913071104,629,85
1872,674690135443775488,1115,458
1873,674670581682434048,1565,628
1874,674664755118911488,889,243
1875,674646392044941312,1394,475
1876,674644256330530816,1001,260
1877,674638615994089473,1639,560
1878,674632714662858753,1461,555
1879,674606911342424069,914,95
1880,674468880899788800,6041,1967
1881,674447403907457024,1031,346
1882,674436901579923456,1084,378
1883,674422304705744896,1393,526
1884,674416750885273600,668,133
1885,674410619106390016,1163,447
1886,674394782723014656,1469,554
1887,674372068062928900,828,305
1888,674330906434379776,546,72
1889,674318007229923329,1367,504
1890,674307341513269249,11000,6728
1891,674291837063053312,14262,5657
1892,674271431610523648,1522,710
1893,674269164442398721,885,222
1894,674265582246694913,1592,813
1895,674262580978937856,1267,436
1896,674255168825880576,1419,526
1897,674082852460433408,737,163
1898,674075285688614912,959,274
1899,674063288070742018,6184,2120
1900,674053186244734976,3193,1247
1901,674051556661161984,1403,473
1902,674045139690631169,1366,617
1903,674042553264685056,698,122
1904,674038233588723717,1070,402
1905,674036086168010753,825,202
1906,674024893172875264,1720,1180
1907,674019345211760640,1094,292
1908,674014384960745472,1507,610
1909,674008982932058114,1155,339
1910,673956914389192708,1894,919
1911,673919437611909120,1131,360
1912,673906403526995968,3077,1572
1913,673887867907739649,903,245
1914,673716320723169284,2988,720
1915,673715861853720576,3427,1979
1916,673711475735838725,1004,290
1917,673709992831262724,806,263
1918,673708611235921920,1040,275
1919,673707060090052608,1059,378
1920,673705679337693185,1217,394
1921,673700254269775872,1381,545
1922,673697980713705472,3838,1896
1923,673689733134946305,1682,621
1924,673688752737402881,1220,476
1925,673686845050527744,1392,415
1926,673680198160809984,1325,448
1927,673662677122719744,1214,352
1928,673656262056419329,697,228
1929,673636718965334016,1065,346
1930,673612854080196609,1550,692
1931,673583129559498752,1149,345
1932,673580926094458881,805,264
1933,673576835670777856,1339,544
1934,673363615379013632,989,291
1935,673359818736984064,1403,647
1936,673355879178194945,1449,554
1937,673352124999274496,1605,520
1938,673350198937153538,726,201
1939,673345638550134785,2422,1212
1940,673343217010679808,937,258
1941,673342308415348736,1231,552
1942,673320132811366400,12993,7572
1943,673317986296586240,851,244
1944,673295268553605120,7253,3051
1945,673270968295534593,1036,347
1946,673240798075449344,1376,694
1947,673213039743795200,2170,812
1948,673148804208660480,1635,604
1949,672997845381865473,1899,685
1950,672995267319328768,916,274
1951,672988786805112832,954,277
1952,672984142909456390,1216,521
1953,672980819271634944,1757,973
1954,672975131468300288,1621,868
1955,672970152493887488,919,342
1956,672968025906282496,1280,522
1957,672964561327235073,1376,619
1958,672902681409806336,1321,477
1959,672898206762672129,877,406
1960,672884426393653248,1496,808
1961,672877615439593473,997,338
1962,672834301050937345,1269,539
1963,672828477930868736,1215,470
1964,672640509974827008,943,303
1965,672622327801233409,1246,467
1966,672614745925664768,1186,555
1967,672609152938721280,1076,375
1968,672604026190569472,1076,383
1969,672594978741354496,1294,587
1970,672591762242805761,924,324
1971,672591271085670400,699,177
1972,672538107540070400,997,350
1973,672523490734551040,610,161
1974,672488522314567680,1071,418
1975,672482722825261057,1091,571
1976,672481316919734272,696,123
1977,672475084225949696,1396,673
1978,672466075045466113,1307,510
1979,672272411274932228,6219,3225
1980,672267570918129665,1444,590
1981,672264251789176834,1097,324
1982,672256522047614977,2728,1473
1983,672254177670729728,1386,708
1984,672248013293752320,1682,574
1985,672245253877968896,662,147
1986,672239279297454080,864,310
1987,672231046314901505,1770,965
1988,672222792075620352,756,203
1989,672205392827572224,2184,1107
1990,672169685991993344,985,353
1991,672160042234327040,845,342
1992,672139350159835138,1689,663
1993,672125275208069120,2300,1096
1994,672095186491711488,968,355
1995,672082170312290304,908,352
1996,672068090318987265,1245,496
1997,671896809300709376,8198,4009
1998,671891728106971137,1271,553
1999,671882082306625538,3338,1333
2000,671879137494245376,1362,637
2001,671874878652489728,1207,528
2002,671866342182637568,1082,474
2003,671855973984772097,869,418
2004,671789708968640512,6808,3327
2005,671768281401958400,1151,480
2006,671763349865160704,1614,869
2007,671744970634719232,1302,730
2008,671743150407421952,725,228
2009,671735591348891648,1391,726
2010,671729906628341761,8198,4170
2011,671561002136281088,12330,6936
2012,671550332464455680,877,201
2013,671547767500775424,1293,569
2014,671544874165002241,1889,1007
2015,671542985629241344,1053,539
2016,671538301157904385,901,371
2017,671536543010570240,1130,388
2018,671533943490011136,981,553
2019,671528761649688577,814,248
2020,671520732782923777,1345,505
2021,671518598289059840,915,284
2022,671511350426865664,1540,673
2023,671504605491109889,6740,3412
2024,671497587707535361,885,428
2025,671488513339211776,967,456
2026,671486386088865792,557,188
2027,671485057807351808,733,224
2028,671390180817915904,1394,713
2029,671362598324076544,1064,286
2030,671357843010908160,385,146
2031,671355857343524864,469,114
2032,671347597085433856,924,411
2033,671186162933985280,706,202
2034,671182547775299584,1079,323
2035,671166507850801152,845,331
2036,671163268581498880,1590,1049
2037,671159727754231808,358,77
2038,671154572044468225,685,209
2039,671151324042559489,643,146
2040,671147085991960577,645,205
2041,671141549288370177,1110,628
2042,671138694582165504,889,382
2043,671134062904504320,718,186
2044,671122204919246848,3369,2411
2045,671115716440031232,1316,745
2046,671109016219725825,1102,418
2047,670995969505435648,1069,282
2048,670842764863651840,23778,8330
2049,670840546554966016,561,185
2050,670838202509447168,1075,664
2051,670833812859932673,426,117
2052,670832455012716544,706,208
2053,670826280409919488,5316,3892
2054,670823764196741120,746,180
2055,670822709593571328,586,91
2056,670815497391357952,3051,1477
2057,670811965569282048,1086,260
2058,670807719151067136,1121,467
2059,670804601705242624,1885,916
2060,670797304698376195,710,227
2061,670792680469889025,797,263
2062,670789397210615808,638,224
2063,670786190031921152,579,194
2064,670783437142401025,797,369
2065,670782429121134593,1496,735
2066,670780561024270336,763,277
2067,670778058496974848,318,71
2068,670764103623966721,1037,401
2069,670755717859713024,426,105
2070,670733412878163972,924,493
2071,670727704916926465,800,342
2072,670717338665226240,1156,463
2073,670704688707301377,750,356
2074,670691627984359425,571,231
2075,670679630144274432,726,270
2076,670676092097810432,238,40
2077,670668383499735048,10288,4797
2078,670474236058800128,1452,709
2079,670468609693655041,344,83
2080,670465786746662913,938,522
2081,670452855871037440,530,194
2082,670449342516494336,1158,624
2083,670444955656130560,6477,1898
2084,670442337873600512,626,190
2085,670435821946826752,1019,492
2086,670434127938719744,1357,621
2087,670433248821026816,318,106
2088,670428280563085312,1330,592
2089,670427002554466305,506,153
2090,670421925039075328,1262,606
2091,670420569653809152,603,302
2092,670417414769758208,552,307
2093,670411370698022913,1947,849
2094,670408998013820928,536,210
2095,670403879788544000,409,144
2096,670385711116361728,544,194
2097,670374371102445568,722,259
2098,670361874861563904,319,62
2099,670338931251150849,412,103
2100,670319130621435904,3747,1163
2101,670303360680108032,417,126
2102,670290420111441920,675,270
2103,670093938074779648,989,317
2104,670086499208155136,674,244
2105,670079681849372674,2138,1169
2106,670073503555706880,1511,757
2107,670069087419133954,599,225
2108,670061506722140161,734,319
2109,670055038660800512,642,315
2110,670046952931721218,623,164
2111,670040295598354432,725,106
2112,670037189829525505,575,260
2113,670003130994700288,318,87
2114,669993076832759809,313,81
2115,669972011175813120,427,149
2116,669970042633789440,292,55
2117,669942763794931712,488,153
2118,669926384437997569,363,94
2119,669923323644657664,226,53
2120,669753178989142016,779,378
2121,669749430875258880,252,63
2122,669684865554620416,495,87
2123,669683899023405056,374,104
2124,669682095984410625,342,129
2125,669680153564442624,646,270
2126,669661792646373376,782,411
2127,669625907762618368,3399,1730
2128,669603084620980224,917,345
2129,669597912108789760,497,141
2130,669583744538451968,1438,886
2131,669573570759163904,421,132
2132,669571471778410496,1537,974
2133,669567591774625800,227,53
2134,669564461267722241,373,117
2135,669393256313184256,348,71
2136,669375718304980992,1278,697
2137,669371483794317312,474,171
2138,669367896104181761,442,145
2139,669363888236994561,599,218
2140,669359674819481600,356,114
2141,669354382627049472,2599,1227
2142,669353438988365824,606,250
2143,669351434509529089,418,172
2144,669328503091937280,978,400
2145,669327207240699904,554,114
2146,669324657376567296,483,199
2147,669216679721873412,1150,390
2148,669214165781868544,423,152
2149,669203728096960512,974,452
2150,669037058363662336,630,299
2151,669015743032369152,721,358
2152,669006782128353280,558,238
2153,669000397445533696,20144,6100
2154,668994913074286592,424,217
2155,668992363537309700,721,324
2156,668989615043424256,651,317
2157,668988183816871936,873,441
2158,668986018524233728,534,157
2159,668981893510119424,520,289
2160,668979806671884288,770,334
2161,668975677807423489,1252,555
2162,668967877119254528,140,21
2163,668960084974809088,680,231
2164,668955713004314625,266,67
2165,668932921458302977,252,55
2166,668902994700836864,308,97
2167,668892474547511297,385,143
2168,668872652652679168,509,289
2169,668852170888998912,436,153
2170,668826086256599040,422,128
2171,668815180734689280,541,252
2172,668779399630725120,680,352
2173,668655139528511488,504,210
2174,668645506898350081,847,508
2175,668643542311546881,847,507
2176,668641109086707712,1032,522
2177,668636665813057536,1003,470
2178,668633411083464705,2695,1546
2179,668631377374486528,682,302
2180,668627278264475648,304,109
2181,668625577880875008,369,123
2182,668623201287675904,1371,722
2183,668620235289837568,191,38
2184,668614819948453888,596,304
2185,668587383441514497,1603,1024
2186,668567822092664832,233,50
2187,668544745690562560,493,215
2188,668542336805281792,435,203
2189,668537837512433665,245,67
2190,668528771708952576,446,213
2191,668507509523615744,312,101
2192,668496999348633600,394,126
2193,668484198282485761,413,225
2194,668480044826800133,440,141
2195,668466899341221888,858,491
2196,668297328638447616,603,284
2197,668291999406125056,234,29
2198,668286279830867968,484,130
2199,668274247790391296,794,223
2200,668268907921326080,535,223
2201,668256321989451776,1247,575
2202,668248472370458624,939,461
2203,668237644992782336,5962,2713
2204,668226093875376128,288,97
2205,668221241640230912,496,187
2206,668204964695683073,537,186
2207,668190681446379520,624,191
2208,668171859951755264,467,184
2209,668154635664932864,479,296
2210,668142349051129856,555,269
2211,668113020489474048,647,224
2212,667937095915278337,1208,759
2213,667924896115245057,285,108
2214,667915453470232577,200,54
2215,667911425562669056,473,282
2216,667902449697558528,825,360
2217,667886921285246976,1798,1028
2218,667885044254572545,789,450
2219,667878741721415682,380,113
2220,667873844930215936,603,386
2221,667861340749471744,234,74
2222,667832474953625600,285,60
2223,667806454573760512,1015,469
2224,667801013445750784,315,93
2225,667793409583771648,675,314
2226,667782464991965184,399,236
2227,667773195014021121,225,52
2228,667766675769573376,421,204
2229,667728196545200128,365,143
2230,667724302356258817,462,306
2231,667550904950915073,0,33
2232,667550882905632768,0,32
2233,667549055577362432,5534,2152
2234,667546741521195010,325,116
2235,667544320556335104,826,499
2236,667538891197542400,196,62
2237,667534815156183040,785,498
2238,667530908589760512,447,225
2239,667524857454854144,1620,1064
2240,667517642048163840,351,182
2241,667509364010450944,6504,2022
2242,667502640335572993,519,212
2243,667495797102141441,501,254
2244,667491009379606528,508,211
2245,667470559035432960,243,90
2246,667455448082227200,183,56
2247,667453023279554560,298,85
2248,667443425659232256,751,548
2249,667437278097252352,432,225
2250,667435689202614272,297,82
2251,667405339315146752,448,213
2252,667393430834667520,187,52
2253,667369227918143488,351,153
2254,667211855547486208,467,227
2255,667200525029539841,591,248
2256,667192066997374976,367,94
2257,667188689915760640,713,380
2258,667182792070062081,13669,5859
2259,667177989038297088,184,51
2260,667176164155375616,583,435
2261,667174963120574464,234,74
2262,667171260800061440,212,79
2263,667165590075940865,2571,1072
2264,667160273090932737,248,60
2265,667152164079423490,45610,16074
2266,667138269671505920,4374,2075
2267,667119796878725120,318,123
2268,667090893657276420,317,118
2269,667073648344346624,380,113
2270,667070482143944705,80,14
2271,667065535570550784,161,42
2272,667062181243039745,209,49
2273,667044094246576128,176,47
2274,667012601033924608,427,211
2275,666996132027977728,232,84
2276,666983947667116034,2442,928
2277,666837028449972224,768,525
2278,666835007768551424,201,77
2279,666826780179869698,243,88
2280,666817836334096384,491,236
2281,666804364988780544,221,85
2282,666786068205871104,718,462
2283,666781792255496192,366,179
2284,666776908487630848,330,161
2285,666739327293083650,222,62
2286,666701168228331520,408,206
2287,666691418707132416,175,45
2288,666649482315059201,1061,583
2289,666644823164719104,220,76
2290,666454714377183233,490,199
2291,666447344410484738,98,18
2292,666437273139982337,116,42
2293,666435652385423360,158,48
2294,666430724426358785,300,177
2295,666428276349472768,156,77
2296,666421158376562688,301,106
2297,666418789513326592,115,42
2298,666411507551481857,412,299
2299,666407126856765440,100,32
2300,666396247373291520,157,76
2301,666373753744588802,173,83
2302,666362758909284353,726,519
2303,666353288456101888,197,66
2304,666345417576210432,274,128
2305,666337882303524864,181,83
2306,666293911632134144,467,319
2307,666287406224695296,137,62
2308,666273097616637952,161,71
2309,666268910803644416,95,32
2310,666104133288665088,13661,5992
2311,666102155909144576,70,11
2312,666099513787052032,142,60
2313,666094000022159362,153,67
2314,666082916733198337,103,41
2315,666073100786774016,297,146
2316,666071193221509120,136,53
2317,666063827256086533,446,198
2318,666058600524156928,105,54
2319,666057090499244032,268,127
2320,666055525042405380,409,221
2321,666051853826850816,1127,777
2322,666050758794694657,125,51
2323,666049248165822465,96,39
2324,666044226329800704,272,132
2325,666033412701032449,112,41
2326,666029285002620928,121,42
2327,666020888022790149,2415,462
